element,isotope,mass,abundance,ratioC
[2]H,2H,2.014102,1,6
[10]B,10B,10.012937,1,0
[13]C,13C,13.003355,1,0
[15]N,15N,15.000109,1,4
[18]O,18O,17.99916,1,3
[29]Si,29Si,28.976495,1,1
[30]Si,30Si,29.97377,1,1
[34]S,34S,33.967867,1,3
[37]Cl,37Cl,36.965903,1,2
[41]K,41K,40.961826,1,0
[44]Ca,44Ca,43.955481,1,0
[81]Br,81Br,80.916291,1,2
Ag,107Ag,106.905097,0.51839,0
Al,27Al,26.98153863,1,0
Ar,40Ar,39.96238312,0.996003,0
As,75As,74.9215965,1,0
Au,197Au,196.9665687,1,0
B,11B,11.0093055,0.801,0
Ba,138Ba,137.9052472,0.71698,0
Be,9Be,9.0121822,1,0
Bi,209Bi,208.9803987,1,0
Br,79Br,78.9183379,0.5069,2
C,12C,12,0.9893,0
Ca,40Ca,39.9625912,0.96941,0
Cd,114Cd,113.9033585,0.2873,0
Ce,140Ce,139.9054387,0.8845,0
Cl,35Cl,34.96885271,0.7576,2
Co,59Co,58.933195,1,0
Cr,52Cr,51.9405075,0.83789,0
Cs,133Cs,132.9054519,1,0
Cu,63Cu,62.9295975,0.6915,0
D,2H,2.01410178,1,6
Dy,164Dy,163.9291748,0.2826,0
Er,166Er,165.9302931,0.33503,0
Eu,153Eu,152.9212303,0.5219,0
F,19F,18.9984032,1,6
Fe,56Fe,55.9349418,0.91754,0
Ga,69Ga,68.9255736,0.60108,0
Gd,158Gd,157.9241039,0.2484,0
Ge,74Ge,73.9211778,0.3672,0
H,1H,1.007825032,0.999885,6
He,4He,4.002603254,0.99999866,0
Hf,180Hf,179.94655,0.3508,0
Hg,202Hg,201.970643,0.2986,0
Ho,165Ho,164.9303221,1,0
I,127I,126.904473,1,0
In,115In,114.903878,0.9571,0
Ir,193Ir,192.9629264,0.627,0
K,39K,38.9637069,0.932581,0
Kr,84Kr,83.911507,0.56987,0
La,139La,138.9063533,0.9991,0
Li,7Li,7.0160041,0.9241,0
Lu,175Lu,174.9407718,0.9741,0
Mg,24Mg,23.98504187,0.7899,0
Mn,55Mn,54.9380451,1,0
Mo,98Mo,97.9054082,0.2419,0
N,14N,14.00307401,0.99636,4
Na,23Na,22.98976966,1,0
Nb,93Nb,92.9063781,1,0
Nd,142Nd,141.9077233,0.272,0
Ne,20Ne,19.99244018,0.9048,0
Ni,58Ni,57.9353429,0.680769,0
O,16O,15.99491462,0.99757,3
Os,192Os,191.9614807,0.4078,0
P,31P,30.97376149,1,2
Pa,231Pa,231.035884,1,0
Pb,208Pb,207.9766521,0.524,0
Pd,106Pd,105.903486,0.2733,0
Pr,141Pr,140.9076528,1,0
Pt,195Pt,194.9647911,0.33832,0
Rb,85Rb,84.91178974,0.7217,0
Re,187Re,186.9557531,0.626,0
Rh,103Rh,102.905504,1,0
Ru,102Ru,101.9043493,0.3155,0
S,32S,31.97207073,0.9499,3
Sb,121Sb,120.9038157,0.5721,0
Sc,45Sc,44.9559119,1,0
Se,80Se,79.9165213,0.4961,0
Si,28Si,27.97692649,0.92223,1
Sm,152Sm,151.9197324,0.2675,0
Sn,120Sn,119.9021947,0.3258,0
Sr,88Sr,87.9056121,0.8258,0
Ta,181Ta,180.9479958,0.99988,0
Tb,159Tb,158.9253468,1,0
Te,130Te,129.9062244,0.3408,0
Th,232Th,232.0380553,1,0
Ti,48Ti,47.9479463,0.7372,0
Tl,205Tl,204.9744275,0.7048,0
Tm,169Tm,168.9342133,1,0
U,238U,238.0507882,0.992742,0
V,51V,50.9439595,0.9975,0
W,184W,183.9509312,0.3064,0
Xe,132Xe,131.9041535,0.269086,0
Y,89Y,88.9058483,1,0
Yb,174Yb,173.9388621,0.3183,0
Zn,64Zn,63.9291422,0.48268,0
Zr,90Zr,89.9047044,0.5145,0
